{
	"credit": "Made with Blockbench",
	"texture_size": [128, 128],
	"textures": {
		"0": "item/laulukalu",
		"particle": "item/laulukalu"
	},
	"elements": [
		{
			"from": [-16, -5, -8],
			"to": [32, 5, 22],
			"rotation": {"angle": 0, "axis": "y", "origin": [-16, -5, -8]},
			"faces": {
				"north": {"uv": [6, 0, 12, 1.25], "texture": "#0"},
				"east": {"uv": [6, 2.5, 9.75, 3.75], "texture": "#0"},
				"south": {"uv": [6, 1.25, 12, 2.5], "texture": "#0"},
				"west": {"uv": [6, 3.75, 9.75, 5], "texture": "#0"},
				"up": {"uv": [6, 3.75, 0, 0], "texture": "#0"},
				"down": {"uv": [6, 3.75, 0, 7.5], "texture": "#0"}
			}
		}
	],
	"display": {
		"thirdperson_righthand": {
			"rotation": [0, 56, 89],
			"translation": [-0.5, 1.75, 0.75],
			"scale": [0.1, 0.1, 0.1]
		},
		"thirdperson_lefthand": {
			"rotation": [144, -70, 46],
			"translation": [-1, 1.75, 1.25],
			"scale": [0.1, 0.1, 0.1]
		},
		"firstperson_righthand": {
			"rotation": [-8, 30, 52],
			"translation": [0, 5.75, 0.25],
			"scale": [0.2, 0.2, 0.2]
		},
		"firstperson_lefthand": {
			"rotation": [-3, -148, -47],
			"translation": [0, 5.75, 0],
			"scale": [0.2, 0.2, 0.2]
		},
		"ground": {
			"rotation": [0, 0, 55],
			"translation": [0, 4, 0],
			"scale": [0.15, 0.15, 0.15]
		},
		"gui": {
			"rotation": [35, 120, 0],
			"translation": [0.25, 2, -7.5],
			"scale": [0.3, 0.3, 0.3]
		},
		"head": {
			"rotation": [0, -132, 0],
			"translation": [0, 9, 0],
			"scale": [0.2, 0.2, 0.2]
		},
		"fixed": {
			"rotation": [0, -90, 90],
			"translation": [0, 0, -3],
			"scale": [0.3, 0.3, 0.3]
		}
	},
	"groups": [
		{
			"name": "Laulukalu",
			"origin": [8, 8, 8],
			"color": 0,
			"children": [0]
		}
	]
}