{
	"credit": "Made with Blockbench",
	"texture_size": [64, 64],
	"textures": {
		"0": "item/seresauva",
		"particle": "item/seresauva"
	},
	"elements": [
		{
			"name": "kulmapala_1",
			"from": [7, -16, 8],
			"to": [8, 21, 9],
			"rotation": {"angle": 45, "axis": "y", "origin": [7, 0, 8]},
			"faces": {
				"north": {"uv": [0, 0, 0.25, 9.25], "texture": "#0"},
				"east": {"uv": [0.25, 0, 0.5, 9.25], "texture": "#0"},
				"south": {"uv": [0.5, 0, 0.75, 9.25], "texture": "#0"},
				"west": {"uv": [0.75, 0, 1, 9.25], "texture": "#0"},
				"up": {"uv": [7, 3.5, 6.75, 3.25], "texture": "#0"},
				"down": {"uv": [7, 5.5, 6.75, 5.75], "texture": "#0"}
			}
		},
		{
			"name": "kulmapala_2",
			"from": [7, -16, 7],
			"to": [8, 21, 8],
			"rotation": {"angle": 45, "axis": "y", "origin": [8, 0, 7]},
			"faces": {
				"north": {"uv": [1, 0, 1.25, 9.25], "texture": "#0"},
				"east": {"uv": [1.25, 0, 1.5, 9.25], "texture": "#0"},
				"south": {"uv": [1.5, 0, 1.75, 9.25], "texture": "#0"},
				"west": {"uv": [1.75, 0, 2, 9.25], "texture": "#0"},
				"up": {"uv": [7, 6, 6.75, 5.75], "texture": "#0"},
				"down": {"uv": [7, 6, 6.75, 6.25], "texture": "#0"}
			}
		},
		{
			"name": "kulmapala_1",
			"from": [8, -16, 7],
			"to": [9, 21, 8],
			"rotation": {"angle": 45, "axis": "y", "origin": [9, 0, 8]},
			"faces": {
				"north": {"uv": [2, 0, 2.25, 9.25], "texture": "#0"},
				"east": {"uv": [2.25, 0, 2.5, 9.25], "texture": "#0"},
				"south": {"uv": [2.5, 0, 2.75, 9.25], "texture": "#0"},
				"west": {"uv": [2.75, 0, 3, 9.25], "texture": "#0"},
				"up": {"uv": [6.5, 7, 6.25, 6.75], "texture": "#0"},
				"down": {"uv": [7, 6.25, 6.75, 6.5], "texture": "#0"}
			}
		},
		{
			"name": "kulmapala_2",
			"from": [8, -16, 8],
			"to": [9, 21, 9],
			"rotation": {"angle": 45, "axis": "y", "origin": [8, 0, 9]},
			"faces": {
				"north": {"uv": [3, 0, 3.25, 9.25], "texture": "#0"},
				"east": {"uv": [3.25, 0, 3.5, 9.25], "texture": "#0"},
				"south": {"uv": [3.5, 0, 3.75, 9.25], "texture": "#0"},
				"west": {"uv": [3.75, 0, 4, 9.25], "texture": "#0"},
				"up": {"uv": [6.75, 7, 6.5, 6.75], "texture": "#0"},
				"down": {"uv": [7, 6.5, 6.75, 6.75], "texture": "#0"}
			}
		},
		{
			"name": "pidike",
			"from": [7, 9, 4],
			"to": [9, 10, 9],
			"rotation": {"angle": 0, "axis": "y", "origin": [7, 9, 4]},
			"faces": {
				"north": {"uv": [6.5, 3.5, 7, 3.75], "texture": "#0"},
				"east": {"uv": [6.25, 4.5, 7.5, 4.75], "texture": "#0"},
				"south": {"uv": [6.5, 3.75, 7, 4], "texture": "#0"},
				"west": {"uv": [6.25, 4.75, 7.5, 5], "texture": "#0"},
				"up": {"uv": [6, 2.25, 5.5, 1], "texture": "#0"},
				"down": {"uv": [6, 2.25, 5.5, 3.5], "texture": "#0"}
			}
		},
		{
			"name": "lasi",
			"from": [8, 7, 3],
			"to": [10, 11, 5],
			"rotation": {"angle": -45, "axis": "y", "origin": [8, 7, 3]},
			"faces": {
				"north": {"uv": [5.5, 3.5, 6, 4.5], "texture": "#0"},
				"east": {"uv": [4, 5.5, 4.5, 6.5], "texture": "#0"},
				"south": {"uv": [4.5, 5.5, 5, 6.5], "texture": "#0"},
				"west": {"uv": [5.5, 4.5, 6, 5.5], "texture": "#0"},
				"up": {"uv": [6.75, 5.5, 6.25, 5], "texture": "#0"},
				"down": {"uv": [6.75, 5.5, 6.25, 6], "texture": "#0"}
			}
		},
		{
			"name": "salama_1",
			"from": [7, 21, 7],
			"to": [9, 32, 9],
			"rotation": {"angle": 0, "axis": "y", "origin": [7, 21, 7]},
			"faces": {
				"north": {"uv": [4, 0, 4.5, 2.75], "texture": "#0"},
				"east": {"uv": [4, 2.75, 4.5, 5.5], "texture": "#0"},
				"south": {"uv": [4.5, 0, 5, 2.75], "texture": "#0"},
				"west": {"uv": [4.5, 2.75, 5, 5.5], "texture": "#0"},
				"up": {"uv": [6.75, 6.5, 6.25, 6], "texture": "#0"},
				"down": {"uv": [7, 1, 6.5, 1.5], "texture": "#0"}
			}
		},
		{
			"name": "salama_2",
			"from": [10, 26, 7],
			"to": [11, 32, 9],
			"rotation": {"angle": 22.5, "axis": "z", "origin": [10, 27, 7]},
			"faces": {
				"north": {"uv": [6, 4, 6.25, 5.5], "texture": "#0"},
				"east": {"uv": [5, 0, 5.5, 1.5], "texture": "#0"},
				"south": {"uv": [5, 6, 5.25, 7.5], "texture": "#0"},
				"west": {"uv": [5, 1.5, 5.5, 3], "texture": "#0"},
				"up": {"uv": [4.75, 7, 4.5, 6.5], "texture": "#0"},
				"down": {"uv": [5, 6.5, 4.75, 7], "texture": "#0"}
			}
		},
		{
			"name": "salama_3",
			"from": [7, 21, 7],
			"to": [8, 27, 9],
			"rotation": {"angle": 22.5, "axis": "z", "origin": [7, 21, 7]},
			"faces": {
				"north": {"uv": [5.25, 6, 5.5, 7.5], "texture": "#0"},
				"east": {"uv": [5, 3, 5.5, 4.5], "texture": "#0"},
				"south": {"uv": [6, 5.5, 6.25, 7], "texture": "#0"},
				"west": {"uv": [5, 4.5, 5.5, 6], "texture": "#0"},
				"up": {"uv": [5.75, 7, 5.5, 6.5], "texture": "#0"},
				"down": {"uv": [6, 6.5, 5.75, 7], "texture": "#0"}
			}
		},
		{
			"name": "salama_4",
			"from": [5, 26, 7],
			"to": [11, 27, 9],
			"rotation": {"angle": 0, "axis": "z", "origin": [11, 26, 7]},
			"faces": {
				"north": {"uv": [6.25, 4, 7.75, 4.25], "texture": "#0"},
				"east": {"uv": [6.25, 6.5, 6.75, 6.75], "texture": "#0"},
				"south": {"uv": [6.25, 4.25, 7.75, 4.5], "texture": "#0"},
				"west": {"uv": [6.75, 1.5, 7.25, 1.75], "texture": "#0"},
				"up": {"uv": [7, 0.5, 5.5, 0], "texture": "#0"},
				"down": {"uv": [7, 0.5, 5.5, 1], "texture": "#0"}
			}
		},
		{
			"name": "salama_5",
			"from": [7, 24, 7],
			"to": [8, 28, 9],
			"rotation": {"angle": 22.5, "axis": "z", "origin": [10, 24, 7]},
			"faces": {
				"north": {"uv": [6.5, 1.5, 6.75, 2.5], "texture": "#0"},
				"east": {"uv": [5.5, 5.5, 6, 6.5], "texture": "#0"},
				"south": {"uv": [6.5, 2.5, 6.75, 3.5], "texture": "#0"},
				"west": {"uv": [6, 1, 6.5, 2], "texture": "#0"},
				"up": {"uv": [7, 2.25, 6.75, 1.75], "texture": "#0"},
				"down": {"uv": [7, 2.25, 6.75, 2.75], "texture": "#0"}
			}
		},
		{
			"name": "salama_6",
			"from": [8, 25, 7],
			"to": [9, 29, 9],
			"rotation": {"angle": 22.5, "axis": "z", "origin": [6, 29, 7]},
			"faces": {
				"north": {"uv": [4, 6.5, 4.25, 7.5], "texture": "#0"},
				"east": {"uv": [6, 2, 6.5, 3], "texture": "#0"},
				"south": {"uv": [4.25, 6.5, 4.5, 7.5], "texture": "#0"},
				"west": {"uv": [6, 3, 6.5, 4], "texture": "#0"},
				"up": {"uv": [7, 3.25, 6.75, 2.75], "texture": "#0"},
				"down": {"uv": [7, 5, 6.75, 5.5], "texture": "#0"}
			}
		}
	],
	"display": {
		"thirdperson_righthand": {
			"rotation": [0, 107, 0]
		},
		"thirdperson_lefthand": {
			"rotation": [0, 93, 0]
		},
		"firstperson_righthand": {
			"rotation": [0, 79, 16],
			"translation": [2.5, 1.75, 0]
		},
		"firstperson_lefthand": {
			"rotation": [0, 73, 15],
			"translation": [3.75, 2, 0.75]
		},
		"ground": {
			"rotation": [38, 97, -19],
			"translation": [0, 20, 0]
		},
		"gui": {
			"rotation": [50, 180, -32],
			"scale": [0.5, 0.5, 0.5]
		},
		"head": {
			"rotation": [23, 130, 0],
			"translation": [3.25, -5.75, -13],
			"scale": [1.5, 1.5, 1.5]
		},
		"fixed": {
			"rotation": [0, 0, -21],
			"translation": [-1.25, -2.5, -1.75],
			"scale": [2, 2, 2]
		}
	},
	"groups": [
		{
			"name": "Sauvaosa",
			"origin": [8, 8, 8],
			"color": 0,
			"children": [
				{
					"name": "Keskitanko",
					"origin": [8, 8, 8],
					"color": 0,
					"children": [
						{
							"name": "Kulmat",
							"origin": [8, 8, 8],
							"color": 0,
							"children": [
								{
									"name": "NE",
									"origin": [8, 8, 8],
									"color": 0,
									"children": [0]
								},
								{
									"name": "NW",
									"origin": [8, 8, 8],
									"color": 0,
									"children": [1]
								},
								{
									"name": "SW",
									"origin": [8, 8, 8],
									"color": 0,
									"children": [2]
								},
								{
									"name": "SE",
									"origin": [8, 8, 8],
									"color": 0,
									"children": [3]
								}
							]
						}
					]
				},
				{
					"name": "Juomateline",
					"origin": [8, 8, 8],
					"color": 0,
					"children": [4, 5]
				}
			]
		},
		{
			"name": "Salama",
			"origin": [8, 8, 8],
			"color": 0,
			"children": [6, 7, 8, 9, 10, 11]
		}
	]
}