{
	"credit": "Made with Blockbench",
	"textures": {
		"1": "item/musta_silkki",
		"2": "item/musta_silkki_kokardi",
		"3": "item/valkoinen_silkki",
		"particle": "item/musta_kiiltava"
	},
	"elements": [
		{
			"name": "musta_reunus",
			"from": [1, 7, 1],
			"to": [15, 9, 15],
			"rotation": {"angle": 0, "axis": "y", "origin": [1, 7, 1]},
			"faces": {
				"north": {"uv": [0, 0, 14, 2], "texture": "#2"},
				"east": {"uv": [0, 2, 14, 4], "texture": "#2"},
				"south": {"uv": [0, 2, 14, 4], "texture": "#2"},
				"west": {"uv": [0, 2, 14, 4], "texture": "#2"},
				"up": {"uv": [0, 2, 14, 16], "texture": "#2"},
				"down": {"uv": [0, 2, 14, 16], "texture": "#2"}
			}
		},
		{
			"name": "lakin_päällinen",
			"from": [0, 9, 0],
			"to": [16, 12, 16],
			"rotation": {"angle": 0, "axis": "y", "origin": [0, 9, 0]},
			"faces": {
				"north": {"uv": [0, 3, 16, 6], "texture": "#3"},
				"east": {"uv": [0, 12.25, 16, 15.25], "texture": "#3"},
				"south": {"uv": [0, 9.25, 16, 12.25], "texture": "#3"},
				"west": {"uv": [0, 0, 16, 3], "texture": "#3"},
				"up": {"uv": [0, 0, 16, 16], "texture": "#3"},
				"down": {"uv": [0, 0, 16, 16], "texture": "#3"}
			}
		},
		{
			"name": "lippa",
			"from": [2, 7, 1],
			"to": [14, 8, 3],
			"rotation": {"angle": -45, "axis": "x", "origin": [2, 6, 2]},
			"faces": {
				"north": {"uv": [0, 10, 12, 11], "texture": "#1"},
				"east": {"uv": [0, 8, 2, 9], "texture": "#1"},
				"south": {"uv": [0, 11, 12, 12], "texture": "#1"},
				"west": {"uv": [0, 9, 2, 10], "texture": "#1"},
				"up": {"uv": [0, 12, 12, 14], "texture": "#1"},
				"down": {"uv": [0, 14, 12, 16], "texture": "#1"}
			}
		},
		{
			"name": "naru_1",
			"from": [15, 4, 8],
			"to": [16, 7, 9],
			"rotation": {"angle": 0, "axis": "y", "origin": [15, 4, 8]},
			"faces": {
				"north": {"uv": [0, 0, 1, 3], "texture": "#1"},
				"east": {"uv": [0, 0, 1, 3], "texture": "#1"},
				"south": {"uv": [0, 0, 1, 3], "texture": "#1"},
				"west": {"uv": [0, 0, 1, 3], "texture": "#1"},
				"up": {"uv": [0, 0, 1, 1], "texture": "#1"},
				"down": {"uv": [0, 0, 1, 1], "texture": "#1"}
			}
		},
		{
			"name": "naru_2",
			"from": [15, 1, 8],
			"to": [16, 4, 9],
			"rotation": {"angle": 0, "axis": "y", "origin": [15, 1, 8]},
			"faces": {
				"north": {"uv": [0, 0, 1, 3], "texture": "#1"},
				"east": {"uv": [0, 0, 1, 3], "texture": "#1"},
				"south": {"uv": [0, 0, 1, 3], "texture": "#1"},
				"west": {"uv": [0, 0, 1, 3], "texture": "#1"},
				"up": {"uv": [0, 0, 1, 1], "texture": "#1"},
				"down": {"uv": [0, 0, 1, 1], "texture": "#1"}
			}
		},
		{
			"name": "naru_3",
			"from": [15, -2, 8],
			"to": [16, -1, 9],
			"rotation": {"angle": 0, "axis": "y", "origin": [15, -2, 8]},
			"faces": {
				"north": {"uv": [0, 0, 1, 1], "texture": "#1"},
				"east": {"uv": [0, 0, 1, 1], "texture": "#1"},
				"south": {"uv": [0, 0, 1, 1], "texture": "#1"},
				"west": {"uv": [0, 0, 1, 1], "texture": "#1"},
				"up": {"uv": [0, 0, 1, 1], "texture": "#1"},
				"down": {"uv": [0, 0, 1, 1], "texture": "#1"}
			}
		},
		{
			"name": "naru_3",
			"from": [15, -3, 8],
			"to": [16, -2, 9],
			"rotation": {"angle": 0, "axis": "y", "origin": [15, -3, 8]},
			"faces": {
				"north": {"uv": [0, 0, 1, 1], "texture": "#1"},
				"east": {"uv": [0, 0, 1, 1], "texture": "#1"},
				"south": {"uv": [0, 0, 1, 1], "texture": "#1"},
				"west": {"uv": [0, 0, 1, 1], "texture": "#1"},
				"up": {"uv": [0, 0, 1, 1], "texture": "#1"},
				"down": {"uv": [0, 0, 1, 1], "texture": "#1"}
			}
		},
		{
			"name": "naru_3",
			"from": [15, -1, 8],
			"to": [16, 0, 9],
			"rotation": {"angle": 0, "axis": "y", "origin": [15, -1, 8]},
			"faces": {
				"north": {"uv": [0, 0, 1, 1], "texture": "#1"},
				"east": {"uv": [0, 0, 1, 1], "texture": "#1"},
				"south": {"uv": [0, 0, 1, 1], "texture": "#1"},
				"west": {"uv": [0, 0, 1, 1], "texture": "#1"},
				"up": {"uv": [0, 0, 1, 1], "texture": "#1"},
				"down": {"uv": [0, 0, 1, 1], "texture": "#1"}
			}
		},
		{
			"name": "solmu_1",
			"from": [15, 0, 7],
			"to": [17, 1, 9],
			"rotation": {"angle": 0, "axis": "y", "origin": [15, 0, 7]},
			"faces": {
				"north": {"uv": [0, 0, 2, 1], "texture": "#1"},
				"east": {"uv": [0, 0, 2, 1], "texture": "#1"},
				"south": {"uv": [0, 0, 2, 1], "texture": "#1"},
				"west": {"uv": [0, 0, 2, 1], "texture": "#1"},
				"up": {"uv": [0, 0, 2, 2], "texture": "#1"},
				"down": {"uv": [0, 0, 2, 2], "texture": "#1"}
			}
		},
		{
			"name": "tippa_1",
			"from": [14, 8, 6],
			"to": [16, 9, 10],
			"rotation": {"angle": 0, "axis": "y", "origin": [14, 8, 6]},
			"faces": {
				"north": {"uv": [0, 0, 2, 1], "texture": "#3"},
				"east": {"uv": [0, 0, 4, 1], "texture": "#3"},
				"south": {"uv": [0, 0, 2, 1], "texture": "#3"},
				"west": {"uv": [0, 0, 4, 1], "texture": "#3"},
				"up": {"uv": [0, 0, 2, 4], "texture": "#3"},
				"down": {"uv": [0, 0, 2, 4], "texture": "#3"}
			}
		},
		{
			"name": "tippa_2",
			"from": [15, 7, 7],
			"to": [16, 8, 9],
			"rotation": {"angle": 0, "axis": "y", "origin": [15, 7, 7]},
			"faces": {
				"north": {"uv": [0, 0, 1, 1], "texture": "#3"},
				"east": {"uv": [0, 0, 2, 1], "texture": "#3"},
				"south": {"uv": [0, 0, 1, 1], "texture": "#3"},
				"west": {"uv": [0, 0, 2, 1], "texture": "#3"},
				"up": {"uv": [0, 0, 1, 2], "texture": "#3"},
				"down": {"uv": [0, 0, 1, 2], "texture": "#3"}
			}
		},
		{
			"name": "tupsu_yläosa_1",
			"from": [14, -4, 8],
			"to": [17, -3, 9],
			"rotation": {"angle": 0, "axis": "y", "origin": [14, -4, 8]},
			"faces": {
				"north": {"uv": [0, 0, 3, 1], "texture": "#1"},
				"east": {"uv": [0, 0, 1, 1], "texture": "#1"},
				"south": {"uv": [0, 0, 3, 1], "texture": "#1"},
				"west": {"uv": [0, 0, 1, 1], "texture": "#1"},
				"up": {"uv": [0, 0, 3, 1], "texture": "#1"},
				"down": {"uv": [0, 0, 3, 1], "texture": "#1"}
			}
		},
		{
			"name": "tupsu_yläosa_2",
			"from": [15, -4, 7],
			"to": [16, -3, 10],
			"rotation": {"angle": 0, "axis": "y", "origin": [15, -4, 7]},
			"faces": {
				"north": {"uv": [0, 0, 1, 1], "texture": "#1"},
				"east": {"uv": [0, 0, 3, 1], "texture": "#1"},
				"south": {"uv": [0, 0, 1, 1], "texture": "#1"},
				"west": {"uv": [0, 0, 3, 1], "texture": "#1"},
				"up": {"uv": [0, 0, 1, 3], "texture": "#1"},
				"down": {"uv": [0, 0, 1, 3], "texture": "#1"}
			}
		},
		{
			"name": "tupsu_alaosa_1",
			"from": [14, -10, 7],
			"to": [18, -4, 9],
			"rotation": {"angle": 0, "axis": "y", "origin": [14, -13, 7]},
			"faces": {
				"north": {"uv": [0, 0, 4, 6], "texture": "#1"},
				"east": {"uv": [0, 0, 2, 6], "texture": "#1"},
				"south": {"uv": [0, 0, 4, 6], "texture": "#1"},
				"west": {"uv": [0, 0, 2, 6], "texture": "#1"},
				"up": {"uv": [0, 0, 4, 2], "texture": "#1"},
				"down": {"uv": [0, 0, 4, 2], "texture": "#1"}
			}
		},
		{
			"name": "tupsu_alaosa_2",
			"from": [15, -10, 6],
			"to": [17, -4, 7],
			"rotation": {"angle": 0, "axis": "y", "origin": [15, -13, 6]},
			"faces": {
				"north": {"uv": [0, 0, 2, 6], "texture": "#1"},
				"east": {"uv": [0, 0, 1, 6], "texture": "#1"},
				"south": {"uv": [0, 0, 2, 6], "texture": "#1"},
				"west": {"uv": [0, 0, 1, 6], "texture": "#1"},
				"up": {"uv": [0, 0, 2, 1], "texture": "#1"},
				"down": {"uv": [0, 0, 2, 1], "texture": "#1"}
			}
		},
		{
			"name": "tupsu_alaosa_3",
			"from": [15, -10, 9],
			"to": [17, -4, 10],
			"rotation": {"angle": 0, "axis": "y", "origin": [15, -13, 9]},
			"faces": {
				"north": {"uv": [0, 0, 2, 6], "texture": "#1"},
				"east": {"uv": [0, 0, 1, 6], "texture": "#1"},
				"south": {"uv": [0, 0, 2, 6], "texture": "#1"},
				"west": {"uv": [0, 0, 1, 6], "texture": "#1"},
				"up": {"uv": [0, 0, 2, 1], "texture": "#1"},
				"down": {"uv": [0, 0, 2, 1], "texture": "#1"}
			}
		},
		{
			"name": "tupsu_haituva_1",
			"from": [15, -11, 9],
			"to": [16, -10, 10],
			"rotation": {"angle": 0, "axis": "y", "origin": [15, -17, 9]},
			"faces": {
				"north": {"uv": [0, 0, 1, 1], "texture": "#1"},
				"east": {"uv": [0, 0, 1, 1], "texture": "#1"},
				"south": {"uv": [0, 0, 1, 1], "texture": "#1"},
				"west": {"uv": [0, 0, 1, 1], "texture": "#1"},
				"up": {"uv": [0, 0, 1, 1], "texture": "#1"},
				"down": {"uv": [0, 0, 1, 1], "texture": "#1"}
			}
		},
		{
			"name": "tupsu_haituva_3",
			"from": [17, -11, 8],
			"to": [18, -10, 9],
			"rotation": {"angle": 0, "axis": "y", "origin": [17, -17, 8]},
			"faces": {
				"north": {"uv": [0, 0, 1, 1], "texture": "#1"},
				"east": {"uv": [0, 0, 1, 1], "texture": "#1"},
				"south": {"uv": [0, 0, 1, 1], "texture": "#1"},
				"west": {"uv": [0, 0, 1, 1], "texture": "#1"},
				"up": {"uv": [0, 0, 1, 1], "texture": "#1"},
				"down": {"uv": [0, 0, 1, 1], "texture": "#1"}
			}
		},
		{
			"name": "tupsu_haituva_3",
			"from": [16, -11, 6],
			"to": [17, -10, 7],
			"rotation": {"angle": 0, "axis": "y", "origin": [16, -17, 6]},
			"faces": {
				"north": {"uv": [0, 0, 1, 1], "texture": "#1"},
				"east": {"uv": [0, 0, 1, 1], "texture": "#1"},
				"south": {"uv": [0, 0, 1, 1], "texture": "#1"},
				"west": {"uv": [0, 0, 1, 1], "texture": "#1"},
				"up": {"uv": [0, 0, 1, 1], "texture": "#1"},
				"down": {"uv": [0, 0, 1, 1], "texture": "#1"}
			}
		},
		{
			"name": "tupsu_haituva_3",
			"from": [14, -11, 7],
			"to": [15, -10, 8],
			"rotation": {"angle": 0, "axis": "y", "origin": [14, -17, 7]},
			"faces": {
				"north": {"uv": [0, 0, 1, 1], "texture": "#1"},
				"east": {"uv": [0, 0, 1, 1], "texture": "#1"},
				"south": {"uv": [0, 0, 1, 1], "texture": "#1"},
				"west": {"uv": [0, 0, 1, 1], "texture": "#1"},
				"up": {"uv": [0, 0, 1, 1], "texture": "#1"},
				"down": {"uv": [0, 0, 1, 1], "texture": "#1"}
			}
		},
		{
			"name": "tupsu_haituva_3",
			"from": [15, -11, 7],
			"to": [16, -10, 8],
			"rotation": {"angle": 0, "axis": "y", "origin": [15, -17, 7]},
			"faces": {
				"north": {"uv": [0, 0, 1, 1], "texture": "#1"},
				"east": {"uv": [0, 0, 1, 1], "texture": "#1"},
				"south": {"uv": [0, 0, 1, 1], "texture": "#1"},
				"west": {"uv": [0, 0, 1, 1], "texture": "#1"},
				"up": {"uv": [0, 0, 1, 1], "texture": "#1"},
				"down": {"uv": [0, 0, 1, 1], "texture": "#1"}
			}
		},
		{
			"name": "tupsu_haituva_3",
			"from": [16, -11, 8],
			"to": [17, -10, 9],
			"rotation": {"angle": 0, "axis": "y", "origin": [16, -17, 8]},
			"faces": {
				"north": {"uv": [0, 0, 1, 1], "texture": "#1"},
				"east": {"uv": [0, 0, 1, 1], "texture": "#1"},
				"south": {"uv": [0, 0, 1, 1], "texture": "#1"},
				"west": {"uv": [0, 0, 1, 1], "texture": "#1"},
				"up": {"uv": [0, 0, 1, 1], "texture": "#1"},
				"down": {"uv": [0, 0, 1, 1], "texture": "#1"}
			}
		}
	],
	"display": {
		"thirdperson_righthand": {
			"rotation": [60, 0, -4.5],
			"translation": [-0.5, -1, 10.5],
			"scale": [0.5, 0.5, 0.5]
		},
		"thirdperson_lefthand": {
			"rotation": [60, 0, 4.5],
			"translation": [-11.5, -1, 10.5],
			"scale": [0.5, 0.5, 0.5]
		},
		"firstperson_righthand": {
			"rotation": [4, 122, -10],
			"translation": [1.75, 3.25, -1.5],
			"scale": [0.5, 0.5, 0.5]
		},
		"firstperson_lefthand": {
			"rotation": [4, 110, -10],
			"translation": [0.5, 3.25, -1.5],
			"scale": [0.5, 0.5, 0.5]
		},
		"ground": {
			"translation": [0, 7.75, 0],
			"scale": [0.5, 0.5, 0.5]
		},
		"gui": {
			"rotation": [32, -133, 0],
			"translation": [0, 2.75, 0],
			"scale": [0.5, 0.5, 0.5]
		},
		"head": {
			"translation": [0, 5.25, 0],
			"scale": [1.05, 1.05, 1.05]
		},
		"fixed": {
			"translation": [0, 0, -0.5]
		}
	},
	"groups": [
		{
			"name": "lakki",
			"origin": [8, 8, 8],
			"color": 0,
			"children": [
				0,
				1,
				2,
				{
					"name": "tupsu",
					"origin": [8, 8, 8],
					"color": 0,
					"children": [
						{
							"name": "naru",
							"origin": [8, 8, 8],
							"color": 0,
							"children": [3, 4, 5, 6, 7, 8]
						},
						{
							"name": "tippa",
							"origin": [8, 8, 8],
							"color": 0,
							"children": [9, 10]
						},
						{
							"name": "tupsu_silkki",
							"origin": [8, 8, 8],
							"color": 0,
							"children": [
								{
									"name": "yläosa",
									"origin": [8, 8, 8],
									"color": 0,
									"children": [11, 12]
								},
								{
									"name": "alaosa",
									"origin": [8, 8, 8],
									"color": 0,
									"children": [
										13,
										14,
										15,
										{
											"name": "haituvat",
											"origin": [8, 8, 8],
											"color": 0,
											"children": [16, 17, 18, 19, 20, 21]
										}
									]
								}
							]
						}
					]
				}
			]
		}
	]
}